"count_dist","zero_dist","n","zero_frac","t_fast","t_pscl","speedup","coef_diff"
"poisson","binomial",1000,0.4,6.2173425,18.505295,2.97639948257636,5.33286566017921e-08
"negbin","binomial",1000,0.4,8.4221245,26.6102465,3.15956460866851,6.34254958886693e-07
"geometric","binomial",1000,0.4,7.1737965,14.635615,2.04014917345369,1.47909848935424e-06
"poisson","poisson",1000,0.4,8.554989,27.750165,3.24374058224973,5.33286566017921e-08
"negbin","poisson",1000,0.4,10.5294315,35.4900785,3.37055979707926,6.34254958886693e-07
"geometric","poisson",1000,0.4,9.228832,23.791885,2.57799524360179,1.47909848935424e-06
"poisson","negbin",1000,0.4,16.219248,76.219916,4.69934956293905,5.33286566017921e-08
"negbin","negbin",1000,0.4,18.2538515,84.7207025,4.64125077932183,6.34254958886693e-07
"geometric","negbin",1000,0.4,16.8989845,72.0750285,4.26505086740567,1.47909848935424e-06
"poisson","geometric",1000,0.4,6.826357,20.164419,2.95390630756639,5.33286566017921e-08
"negbin","geometric",1000,0.4,8.98607,28.2851065,3.14766149161981,6.34254958886693e-07
"geometric","geometric",1000,0.4,7.7204175,16.1604095,2.0932040916181,1.47909848935424e-06
"poisson","binomial",10000,0.4,39.672279,158.7488725,4.0015062532707,9.56035201005179e-09
"negbin","binomial",10000,0.4,59.9036095,295.3802195,4.93092523080767,1.24714464982967e-06
"geometric","binomial",10000,0.4,44.743822,113.5612625,2.5380322338132,1.3723788350184e-07
"poisson","poisson",10000,0.4,60.192073,244.7464165,4.06609050497397,9.56035201005179e-09
"negbin","poisson",10000,0.4,79.7136825,379.2366145,4.75748456985411,1.24714464982967e-06
"geometric","poisson",10000,0.4,63.5875425,196.667452,3.09286134151198,1.3723788350184e-07
"poisson","negbin",10000,0.4,149.3973955,777.5540435,5.20460240218846,7.57939925960516e-08
"negbin","negbin",10000,0.4,171.267723,912.3329345,5.32694029277192,1.24714464982967e-06
"geometric","negbin",10000,0.4,153.9852995,736.124537,4.7804857956587,1.3723788350184e-07
"poisson","geometric",10000,0.4,43.441627,168.5369915,3.87961969057927,9.56035201005179e-09
"negbin","geometric",10000,0.4,62.328117,305.062912,4.89446700274934,1.24714464982967e-06
"geometric","geometric",10000,0.4,47.3867165,126.0153435,2.65929679892465,1.3723788350184e-07
"poisson","binomial",1e+05,0.4,374.473569,1869.246217,4.99166395639528,3.67143627566513e-06
"negbin","binomial",1e+05,0.4,615.699204,2422.288515,3.93420764435486,1.01149263936895e-05
"geometric","binomial",1e+05,0.4,457.98407,1208.458925,2.63864838137274,2.37216391674178e-06
"poisson","poisson",1e+05,0.4,513.138062,2530.566504,4.93155096337406,3.67143627566513e-06
"negbin","poisson",1e+05,0.4,755.938914,3106.325011,4.10922754930433,1.01149263936895e-05
"geometric","poisson",1e+05,0.4,611.922269,1873.165753,3.06111715146618,2.37216391674178e-06
"poisson","negbin",1e+05,0.4,825.384863,3813.646011,4.62044578469571,3.67143627566513e-06
"negbin","negbin",1e+05,0.4,1074.890591,4393.630035,4.08751371701234,1.01149263936895e-05
"geometric","negbin",1e+05,0.4,928.622561,3182.196628,3.42679228531041,2.37216391674178e-06
"poisson","geometric",1e+05,0.4,398.135505,1972.032437,4.95316898953787,3.67143627566513e-06
"negbin","geometric",1e+05,0.4,637.297891,2556.942266,4.01216181962855,1.01149263936895e-05
"geometric","geometric",1e+05,0.4,492.78448,1343.804612,2.72696212348246,2.37216391674178e-06
"poisson","binomial",1000,0.8,5.19994,13.0656195,2.51264812670915,3.32636579392087e-08
"negbin","binomial",1000,0.8,6.0172895,18.911461,3.14285377161927,1.65258277334823e-05
"geometric","binomial",1000,0.8,5.8448945,13.1498125,2.24979467122974,1.12820323083795e-07
"poisson","poisson",1000,0.8,6.413214,21.7867235,3.3971614700523,3.32636579392087e-08
"negbin","poisson",1000,0.8,7.2036845,28.157753,3.90879875430413,1.65258277334823e-05
"geometric","poisson",1000,0.8,7.080127,21.856022,3.0869533837458,1.12820323083795e-07
"poisson","negbin",1000,0.8,11.082011,66.5396,6.0042892937031,3.32636579392087e-08
"negbin","negbin",1000,0.8,11.8586385,76.1203385,6.41897790374502,1.65258277334823e-05
"geometric","negbin",1000,0.8,11.738879,66.0303945,5.62493186104056,1.12820323083795e-07
"poisson","geometric",1000,0.8,5.4837645,14.478947,2.64032983181535,3.32636579392087e-08
"negbin","geometric",1000,0.8,6.29066,20.356129,3.23592898042495,1.65258277334823e-05
"geometric","geometric",1000,0.8,5.918994,14.0506615,2.37382594069195,1.12820323083795e-07
"poisson","binomial",10000,0.8,24.206039,99.351884,4.10442551133624,1.85890308368464e-06
"negbin","binomial",10000,0.8,31.1510315,137.710994,4.42075229515273,1.24360535203039e-07
"geometric","binomial",10000,0.8,26.693714,99.6213705,3.73201610311701,4.76796573956051e-06
"poisson","poisson",10000,0.8,35.6616735,180.8914905,5.07243414978829,1.85890308368464e-06
"negbin","poisson",10000,0.8,44.693653,221.6442515,4.95918853399609,1.24360535203039e-07
"geometric","poisson",10000,0.8,38.3514635,181.1962395,4.72462385953016,4.76796573956051e-06
"poisson","negbin",10000,0.8,69.436301,458.634059,6.60510500120103,1.85890308368464e-06
"negbin","negbin",10000,0.8,75.50487,501.37752,6.64033353080404,1.24360535203039e-07
"geometric","negbin",10000,0.8,70.9553735,459.7164615,6.47895203454887,4.76796573956051e-06
"poisson","geometric",10000,0.8,26.590932,111.1876745,4.18141321635511,1.85890308368464e-06
"negbin","geometric",10000,0.8,33.2390615,149.062275,4.48455125605758,1.24360535203039e-07
"geometric","geometric",10000,0.8,28.4639785,110.949686,3.89789803979792,4.76796573956051e-06
"poisson","binomial",1e+05,0.8,271.752071,1150.570398,4.23389744102447,2.21291357238584e-07
"negbin","binomial",1e+05,0.8,346.239883,1497.335595,4.3245612897807,3.45564645787277e-08
"geometric","binomial",1e+05,0.8,288.034632,977.151664,3.39247977652909,4.63925965421552e-08
"poisson","poisson",1e+05,0.8,408.011131,2005.255889,4.91470878278563,2.21291357238584e-07
"negbin","poisson",1e+05,0.8,468.654569,2372.293143,5.06192257564441,3.45564645787277e-08
"geometric","poisson",1e+05,0.8,427.892558,1857.050575,4.33999269274508,4.63925965421552e-08
"poisson","negbin",1e+05,0.8,745.562988,4338.29414,5.81881639757579,2.21291357238584e-07
"negbin","negbin",1e+05,0.8,812.893554,4741.353352,5.83268661520227,3.45564645787277e-08
"geometric","negbin",1e+05,0.8,766.874689,4208.162134,5.48741821103448,4.63925965421552e-08
"poisson","geometric",1e+05,0.8,286.112427,1226.257053,4.28592726942266,2.21291357238584e-07
"negbin","geometric",1e+05,0.8,351.364786,1573.308623,4.47770717410481,3.45564645787277e-08
"geometric","geometric",1e+05,0.8,304.714677,1089.347434,3.574975267765,4.63925965421552e-08
"poisson","binomial",1000,0.95,4.9698805,12.2842965,2.47174886800598,1.17577205971386e-07
"negbin","binomial",1000,0.95,5.1849105,21.236634,4.09585353498387,1.90287305261716e-05
"geometric","binomial",1000,0.95,5.139056,11.9978645,2.33464365829055,2.52522721111426e-06
"poisson","poisson",1000,0.95,5.596029,20.2929635,3.62631492796052,1.17577205971386e-07
"negbin","poisson",1000,0.95,5.905242,29.501146,4.9957556354168,1.90287305261716e-05
"geometric","poisson",1000,0.95,5.7364555,19.6042315,3.41748166616127,2.52522721111426e-06
"poisson","negbin",1000,0.95,13.6389175,122.2444615,8.96291523869105,2.31847413711961e-07
"negbin","negbin",1000,0.95,14.6975705,132.585499,9.02091260593035,1.90287305261716e-05
"geometric","negbin",1000,0.95,14.4226725,122.7665745,8.51205451000846,2.52522721111426e-06
"poisson","geometric",1000,0.95,5.12141,13.61546,2.65853739497521,1.17577205971386e-07
"negbin","geometric",1000,0.95,5.47785,22.912497,4.18275363509406,1.90287305261716e-05
"geometric","geometric",1000,0.95,5.349038,13.208501,2.4693227081206,2.52522721111426e-06
"poisson","binomial",10000,0.95,25.733836,77.7512735,3.02136352699224,9.14999116474746e-08
"negbin","binomial",10000,0.95,25.7809255,138.6068465,5.37633323132639,2.42426985597177e-07
"geometric","binomial",10000,0.95,24.775011,75.8456195,3.06137581533264,3.38767625363001e-06
"poisson","poisson",10000,0.95,31.118541,148.5013645,4.77211847753402,9.14999116474746e-08
"negbin","poisson",10000,0.95,30.645208,210.8135345,6.87916800891024,2.42426985597177e-07
"geometric","poisson",10000,0.95,30.14005,146.433014,4.85841974382922,3.38767625363001e-06
"poisson","negbin",10000,0.95,80.3238315,665.7828275,8.28873343149722,9.14999116474746e-08
"negbin","negbin",10000,0.95,84.5519495,725.8331455,8.58446375030064,2.42426985597177e-07
"geometric","negbin",10000,0.95,82.2758065,665.2544315,8.08566284306189,3.38767625363001e-06
"poisson","geometric",10000,0.95,27.7093225,90.4056565,3.26264406139847,9.14999116474746e-08
"negbin","geometric",10000,0.95,26.970339,150.1656,5.56780543247899,2.42426985597177e-07
"geometric","geometric",10000,0.95,25.4472525,85.9861385,3.37899498187476,3.38767625363001e-06
"poisson","binomial",1e+05,0.95,240.319435,863.829662,3.59450604567209,2.36350605753444e-08
"negbin","binomial",1e+05,0.95,250.118373,1261.461381,5.04345748722746,4.20910955489795e-06
"geometric","binomial",1e+05,0.95,240.006732,845.229177,3.52168945411081,2.70893661946658e-08
"poisson","poisson",1e+05,0.95,322.904401,1572.126799,4.86870663308178,2.36350605753444e-08
"negbin","poisson",1e+05,0.95,333.80733,1992.284945,5.96836787556463,4.20910955489795e-06
"geometric","poisson",1e+05,0.95,323.139254,1543.360127,4.77614560253952,2.70893661946658e-08
"poisson","negbin",1e+05,0.95,380.323879,2009.114993,5.28264225292044,2.36350605753444e-08
"negbin","negbin",1e+05,0.95,386.793065,2437.823339,6.30265524279759,4.20910955489795e-06
"geometric","negbin",1e+05,0.95,373.731914,1987.972995,5.31924869279427,2.70893661946658e-08
"poisson","geometric",1e+05,0.95,252.690213,988.322205,3.91120096527047,2.36350605753444e-08
"negbin","geometric",1e+05,0.95,261.910548,1396.824691,5.33321281508678,4.20910955489795e-06
"geometric","geometric",1e+05,0.95,261.685595,955.12324,3.64988848545523,2.70893661946658e-08
